Date,Year,Month,Month_Name,Quarter,Region,Revenue_NGN,COGS_NGN,Gross_Profit_NGN,Operating_Expenses_NGN,Marketing_Spend_NGN,Net_Profit_NGN,Units_Sold,Gross_Margin_Pct
2019-01-01,2019,1,Jan,Q1,Lagos,15791187.76,9207680.55,6583507.21,2761285.39,1241913.1,2675555.27,5626,41.69
2019-01-01,2019,1,Jan,Q1,Abuja,9132912.31,5325308.03,3807604.27,1597003.2,624249.37,1547420.75,3361,41.69
2019-01-01,2019,1,Jan,Q1,Kano,7816365.67,4557643.11,3258722.55,1366788.66,474290.66,1324353.73,2878,41.69
2019-01-01,2019,1,Jan,Q1,Port Harcourt,6870745.86,4006261.85,2864484.01,1201435.28,367462.46,1164134.11,2305,41.69
2019-01-01,2019,1,Jan,Q1,Ibadan,4895366.05,2854438.02,2040928.03,856015.58,370402.08,829438.71,1852,41.69
2019-02-01,2019,2,Feb,Q1,Lagos,14649313.76,8150231.19,6499082.57,2417780.1,775461.79,2856911.73,4680,44.36
2019-02-01,2019,2,Feb,Q1,Abuja,8095996.88,4504255.11,3591741.78,1336195.03,446867.1,1578882.73,2674,44.36
2019-02-01,2019,2,Feb,Q1,Kano,7218963.84,4016312.66,3202651.19,1191446.06,494322.18,1407843.59,2377,44.36
2019-02-01,2019,2,Feb,Q1,Port Harcourt,6211576.38,3455846.76,2755729.61,1025182.89,380386.86,1211382.71,1867,44.36
2019-02-01,2019,2,Feb,Q1,Ibadan,4962074.86,2760679.3,2201395.56,818960.26,375602.74,967704.71,1612,44.36
2019-03-01,2019,3,Mar,Q1,Lagos,17613684.95,10235281.18,7378403.76,2892907.28,917973.52,3139847.54,4811,41.89
2019-03-01,2019,3,Mar,Q1,Abuja,10039403.68,5833879.73,4205523.95,1648891.99,678395.31,1789642.37,2686,41.89
2019-03-01,2019,3,Mar,Q1,Kano,9456408.79,5495102.43,3961306.36,1553139.73,582941.24,1685716.64,2647,41.89
2019-03-01,2019,3,Mar,Q1,Port Harcourt,7530576.27,4376004.56,3154571.71,1236837.09,499793.08,1342414.23,2165,41.89
2019-03-01,2019,3,Mar,Q1,Ibadan,6305435.87,3664077.64,2641358.23,1035617.55,497093.56,1124018.48,1711,41.89
2019-04-01,2019,4,Apr,Q2,Lagos,20666360.85,12038534.06,8627826.8,3138070.08,1076321.41,3842829.7,5697,41.75
2019-04-01,2019,4,Apr,Q2,Abuja,10381703.89,6047532.84,4334171.06,1576403.05,548499.56,1930437.6,3158,41.75
2019-04-01,2019,4,Apr,Q2,Kano,10273337.04,5984407.16,4288929.88,1559948.16,611975.18,1910287.21,2868,41.75
2019-04-01,2019,4,Apr,Q2,Port Harcourt,8776530.58,5112489.95,3664040.62,1332666.56,653272.76,1631961.85,2370,41.75
2019-04-01,2019,4,Apr,Q2,Ibadan,6421805.46,3740819.41,2680986.05,975114.86,455319.59,1194109.84,1927,41.75
2019-05-01,2019,5,May,Q2,Lagos,19305391.75,12026498.77,7278892.98,3484202.68,1390994.62,2656283.21,6273,37.7
2019-05-01,2019,5,May,Q2,Abuja,11333496.09,7060321.73,4273174.36,2045449.16,627005.12,1559407.64,3262,37.7
2019-05-01,2019,5,May,Q2,Kano,10117863.07,6303030.23,3814832.84,1826053.88,806547.02,1392145.27,3192,37.7
2019-05-01,2019,5,May,Q2,Port Harcourt,7993157.08,4979422.08,3013735.01,1442590.74,585837.58,1099800.99,2483,37.7
2019-05-01,2019,5,May,Q2,Ibadan,6320009.06,3937116.75,2382892.31,1140623.97,478755.74,869587.84,2168,37.7
2019-06-01,2019,6,Jun,Q2,Lagos,20078508.56,12323300.02,7755208.54,3516428.54,1458428.29,2967146.0,6596,38.62
2019-06-01,2019,6,Jun,Q2,Abuja,10868343.12,6670508.05,4197835.07,1903415.87,708154.84,1606093.44,3857,38.62
2019-06-01,2019,6,Jun,Q2,Kano,10990315.27,6745369.16,4244946.11,1924777.34,844778.24,1624118.14,3167,38.62
2019-06-01,2019,6,Jun,Q2,Port Harcourt,8549658.93,5247402.31,3302256.63,1497335.55,659704.16,1263444.75,2505,38.62
2019-06-01,2019,6,Jun,Q2,Ibadan,6507817.98,3994210.68,2513607.29,1139739.88,510875.81,961707.19,2111,38.62
2019-07-01,2019,7,Jul,Q3,Lagos,24282223.19,15509572.54,8772650.65,3704834.41,1674383.53,3547471.37,8013,36.13
2019-07-01,2019,7,Jul,Q3,Abuja,12835684.4,8198424.7,4637259.7,1958390.91,768343.25,1875208.16,4376,36.13
2019-07-01,2019,7,Jul,Q3,Kano,11969723.33,7645316.94,4324406.39,1826267.82,882735.63,1748697.0,4237,36.13
2019-07-01,2019,7,Jul,Q3,Port Harcourt,10156636.16,6487259.59,3669376.57,1549637.97,658481.22,1483817.02,3172,36.13
2019-07-01,2019,7,Jul,Q3,Ibadan,7215743.8,4608849.07,2606894.72,1100934.44,456366.32,1054172.2,2737,36.13
2019-08-01,2019,8,Aug,Q3,Lagos,22528459.47,13454480.19,9073979.28,3693142.7,1205543.16,3766585.61,7412,40.28
2019-08-01,2019,8,Aug,Q3,Abuja,11429082.84,6825693.91,4603388.93,1873596.1,783424.11,1910854.98,4520,40.28
2019-08-01,2019,8,Aug,Q3,Kano,10213092.51,6099478.35,4113614.16,1674255.98,725426.5,1707550.72,3645,40.28
2019-08-01,2019,8,Aug,Q3,Port Harcourt,8469659.09,5058262.44,3411396.65,1388450.89,602931.88,1416062.03,3421,40.28
2019-08-01,2019,8,Aug,Q3,Ibadan,6785718.21,4052576.76,2733141.45,1112398.55,540137.66,1134520.03,2430,40.28
2019-09-01,2019,9,Sep,Q3,Lagos,20940290.42,11767593.56,9172696.87,4092011.13,1557622.29,3556480.01,6323,43.8
2019-09-01,2019,9,Sep,Q3,Abuja,13085390.42,7353458.47,5731931.95,2557059.25,950016.95,2222410.89,3976,43.8
2019-09-01,2019,9,Sep,Q3,Kano,10772789.43,6053870.55,4718918.88,2105146.27,789800.67,1829640.83,3099,43.8
2019-09-01,2019,9,Sep,Q3,Port Harcourt,9244236.45,5194885.8,4049350.65,1806446.7,713568.45,1570032.77,2733,43.8
2019-09-01,2019,9,Sep,Q3,Ibadan,6871125.34,3861293.65,3009831.7,1342709.24,345896.64,1166985.72,2211,43.8
2019-10-01,2019,10,Oct,Q4,Lagos,23810709.33,14794176.56,9016532.77,3856813.33,1275409.63,3611803.61,6716,37.87
2019-10-01,2019,10,Oct,Q4,Abuja,12837855.05,7976473.6,4861381.45,2079451.3,929221.23,1947351.11,4229,37.87
2019-10-01,2019,10,Oct,Q4,Kano,12471385.75,7748777.25,4722608.5,2020091.3,763823.96,1891762.04,3992,37.87
2019-10-01,2019,10,Oct,Q4,Port Harcourt,9904377.97,6153832.48,3750545.49,1604292.27,561656.23,1502377.25,3280,37.87
2019-10-01,2019,10,Oct,Q4,Ibadan,8812917.84,5475681.58,3337236.26,1427499.64,697069.76,1336815.63,2285,37.87
2019-11-01,2019,11,Nov,Q4,Lagos,23632813.3,14795996.42,8836816.88,3716135.67,1555772.52,3584476.85,8046,37.39
2019-11-01,2019,11,Nov,Q4,Abuja,15718559.77,9841052.4,5877507.37,2471660.9,1047101.74,2384092.53,4031,37.39
2019-11-01,2019,11,Nov,Q4,Kano,14097060.5,8825866.56,5271193.94,2216688.66,971033.15,2138153.69,3908,37.39
2019-11-01,2019,11,Nov,Q4,Port Harcourt,11269288.34,7055459.19,4213829.14,1772036.36,775628.41,1709254.95,3221,37.39
2019-11-01,2019,11,Nov,Q4,Ibadan,8859571.52,5546787.29,3312784.23,1393121.05,455057.64,1343764.22,2762,37.39
2019-12-01,2019,12,Dec,Q4,Lagos,27210856.13,16493254.18,10717601.95,4747549.85,2087288.0,4179036.47,8856,39.39
2019-12-01,2019,12,Dec,Q4,Abuja,15999456.5,9697714.08,6301742.41,2791467.38,933111.27,2457192.52,4811,39.39
2019-12-01,2019,12,Dec,Q4,Kano,13778725.36,8351667.38,5427057.97,2404010.56,834998.57,2116133.19,4224,39.39
2019-12-01,2019,12,Dec,Q4,Port Harcourt,12247098.83,7423306.09,4823792.74,2136783.64,970360.23,1880906.37,3301,39.39
2019-12-01,2019,12,Dec,Q4,Ibadan,10420400.13,6316093.37,4104306.76,1818074.7,688610.17,1600362.44,2922,39.39
2020-01-01,2020,1,Jan,Q1,Lagos,18774504.53,11773430.17,7001074.36,3741430.62,1324389.88,2281750.61,6753,37.29
2020-01-01,2020,1,Jan,Q1,Abuja,10468185.5,6564564.77,3903620.73,2086126.42,781723.45,1272246.02,3916,37.29
2020-01-01,2020,1,Jan,Q1,Kano,10675691.35,6694691.01,3981000.34,2127478.7,730243.51,1297465.15,3426,37.29
2020-01-01,2020,1,Jan,Q1,Port Harcourt,8190575.3,5136282.89,3054292.41,1632238.51,622335.61,995437.73,2946,37.29
2020-01-01,2020,1,Jan,Q1,Ibadan,6156200.34,3860533.03,2295667.31,1226823.13,377337.53,748190.92,2037,37.29
2020-02-01,2020,2,Feb,Q1,Lagos,17120104.87,10261440.92,6858663.95,2775216.31,933259.83,2858413.35,5857,40.06
2020-02-01,2020,2,Feb,Q1,Abuja,9460193.6,5670246.68,3789946.93,1533523.53,748277.02,1579496.38,3045,40.06
2020-02-01,2020,2,Feb,Q1,Kano,8846988.13,5302703.85,3544284.28,1434121.23,566745.09,1477114.14,2945,40.06
2020-02-01,2020,2,Feb,Q1,Port Harcourt,6894607.23,4132486.65,2762120.59,1117634.89,356390.97,1151139.99,2244,40.06
2020-02-01,2020,2,Feb,Q1,Ibadan,5918215.48,3547257.39,2370958.09,959359.08,473407.11,988119.3,1956,40.06
2020-03-01,2020,3,Mar,Q1,Lagos,20694406.79,12463688.31,8230718.47,3799633.34,1512132.49,3101759.59,5863,39.77
2020-03-01,2020,3,Mar,Q1,Abuja,11734456.63,7067349.72,4667106.91,2154525.77,673797.7,1758806.8,3506,39.77
2020-03-01,2020,3,Mar,Q1,Kano,9781375.07,5891060.87,3890314.19,1795926.75,769026.68,1466071.21,2811,39.77
2020-03-01,2020,3,Mar,Q1,Port Harcourt,8355735.5,5032436.25,3323299.25,1534169.67,586163.37,1252390.71,2382,39.77
2020-03-01,2020,3,Mar,Q1,Ibadan,6697159.63,4033520.32,2663639.31,1229643.9,357673.38,1003796.79,1947,39.77
2020-04-01,2020,4,Apr,Q2,Lagos,14448170.29,8564212.2,5883958.09,2717426.04,1057166.14,2216572.43,4478,40.72
2020-04-01,2020,4,Apr,Q2,Abuja,8061432.68,4778447.29,3282985.39,1516202.16,536546.43,1236748.26,2694,40.72
2020-04-01,2020,4,Apr,Q2,Kano,7302470.09,4328569.1,2973900.99,1373455.74,453516.15,1120311.68,2434,40.72
2020-04-01,2020,4,Apr,Q2,Port Harcourt,5673726.76,3363124.81,2310601.95,1067120.09,412219.61,870437.3,1768,40.72
2020-04-01,2020,4,Apr,Q2,Ibadan,4914113.16,2912860.73,2001252.43,924251.22,277101.56,753900.84,1580,40.72
2020-05-01,2020,5,May,Q2,Lagos,13778979.77,7613463.84,6165515.93,2230567.11,833871.15,2754464.18,4214,44.75
2020-05-01,2020,5,May,Q2,Abuja,8480373.24,4685761.65,3794611.59,1372818.74,535317.18,1695255.0,2565,44.75
2020-05-01,2020,5,May,Q2,Kano,8010636.25,4426212.27,3584423.97,1296776.83,524053.3,1601353.0,2292,44.75
2020-05-01,2020,5,May,Q2,Port Harcourt,6554637.49,3621711.94,2932925.55,1061077.02,450058.46,1310293.97,1925,44.75
2020-05-01,2020,5,May,Q2,Ibadan,5306880.79,2932274.06,2374606.73,859087.82,288759.08,1060863.23,1679,44.75
2020-06-01,2020,6,Jun,Q2,Lagos,18258274.02,10239041.83,8019232.18,3403539.78,1054366.6,3230984.68,5179,43.92
2020-06-01,2020,6,Jun,Q2,Abuja,9702826.69,5441239.86,4261586.83,1808711.85,628534.97,1717012.48,3190,43.92
2020-06-01,2020,6,Jun,Q2,Kano,8549171.43,4794282.52,3754888.91,1593658.03,489049.95,1512861.62,2723,43.92
2020-06-01,2020,6,Jun,Q2,Port Harcourt,6827923.93,3829025.61,2998898.32,1272798.88,367624.81,1208269.61,2090,43.92
2020-06-01,2020,6,Jun,Q2,Ibadan,5533633.78,3103201.74,2430432.04,1031529.2,383072.67,979231.99,1675,43.92
2020-07-01,2020,7,Jul,Q3,Lagos,15272667.41,8447967.83,6824699.59,2571751.59,1174523.9,2977063.6,4629,44.69
2020-07-01,2020,7,Jul,Q3,Abuja,9156961.54,5065108.43,4091853.11,1541933.03,505185.87,1784944.05,2785,44.69
2020-07-01,2020,7,Jul,Q3,Kano,7868297.34,4352292.95,3516004.38,1324935.95,433291.81,1533747.9,2261,44.69
2020-07-01,2020,7,Jul,Q3,Port Harcourt,6652142.12,3679585.31,2972556.81,1120148.6,350308.96,1296685.75,1929,44.69
2020-07-01,2020,7,Jul,Q3,Ibadan,5182280.03,2866541.5,2315738.53,872639.76,291192.37,1010169.14,1617,44.69
2020-08-01,2020,8,Aug,Q3,Lagos,14694274.05,9017009.62,5677264.42,2668704.86,1039059.23,2105991.69,5295,38.64
2020-08-01,2020,8,Aug,Q3,Abuja,7950463.52,4878730.71,3071732.81,1443925.75,547286.15,1139464.94,3169,38.64
2020-08-01,2020,8,Aug,Q3,Kano,7207880.26,4423051.15,2784829.11,1309061.28,559520.15,1033037.49,2884,38.64
2020-08-01,2020,8,Aug,Q3,Port Harcourt,5985265.9,3672804.8,2312461.1,1087015.81,444023.17,857811.7,2187,38.64
2020-08-01,2020,8,Aug,Q3,Ibadan,5354436.8,3285702.17,2068734.63,972447.6,301350.27,767400.92,1722,38.64
2020-09-01,2020,9,Sep,Q3,Lagos,28040840.3,16303942.75,11736897.55,5094361.32,1922133.51,4649775.36,9932,41.86
2020-09-01,2020,9,Sep,Q3,Abuja,16019257.27,9314166.43,6705090.84,2910322.36,1160180.74,2656337.93,5655,41.86
2020-09-01,2020,9,Sep,Q3,Kano,13634533.06,7927602.88,5706930.17,2477074.05,973512.31,2260899.29,4918,41.86
2020-09-01,2020,9,Sep,Q3,Port Harcourt,13047815.87,7586464.62,5461351.24,2370481.33,860678.36,2163608.94,4275,41.86
2020-09-01,2020,9,Sep,Q3,Ibadan,9200412.12,5349447.12,3850965.0,1671498.54,607029.56,1525626.52,3385,41.86
2020-10-01,2020,10,Oct,Q4,Lagos,27426634.09,16479486.97,10947147.11,4848719.92,1681760.74,4268899.03,10620,39.91
2020-10-01,2020,10,Oct,Q4,Abuja,15090711.99,9067360.98,6023351.01,2667867.87,850262.63,2348838.2,6122,39.91
2020-10-01,2020,10,Oct,Q4,Kano,14305262.99,8595418.39,5709844.6,2529009.34,1097439.96,2226584.68,5326,39.91
2020-10-01,2020,10,Oct,Q4,Port Harcourt,12442999.85,7476464.42,4966535.43,2199782.19,916739.72,1936727.27,4861,39.91
2020-10-01,2020,10,Oct,Q4,Ibadan,9805089.58,5891457.39,3913632.19,1733429.38,648245.81,1526141.97,3530,39.91
2020-11-01,2020,11,Nov,Q4,Lagos,32478710.09,20810949.39,11667760.7,5018431.28,2044527.86,4654530.6,10814,35.92
2020-11-01,2020,11,Nov,Q4,Abuja,17214185.44,11030103.75,6184081.69,2659841.06,1048214.25,2466968.44,5740,35.92
2020-11-01,2020,11,Nov,Q4,Kano,16859055.9,10802552.14,6056503.76,2604968.4,1023056.43,2416074.76,5412,35.92
2020-11-01,2020,11,Nov,Q4,Port Harcourt,14797367.72,9481511.73,5315855.99,2286407.7,845178.35,2120613.8,4535,35.92
2020-11-01,2020,11,Nov,Q4,Ibadan,10283177.44,6589014.3,3694163.14,1588899.9,590035.68,1473684.27,3369,35.92
2020-12-01,2020,12,Dec,Q4,Lagos,31842132.49,18306972.49,13535160.0,6106210.51,1864447.77,5200264.64,12611,42.51
2020-12-01,2020,12,Dec,Q4,Abuja,18234576.15,10483590.7,7750985.45,3496755.77,955619.66,2977960.78,8068,42.51
2020-12-01,2020,12,Dec,Q4,Kano,17383970.22,9994552.49,7389417.73,3333639.22,1381527.73,2839044.96,6730,42.51
2020-12-01,2020,12,Dec,Q4,Port Harcourt,13534322.09,7781277.28,5753044.81,2595410.96,1070349.86,2210343.69,5597,42.51
2020-12-01,2020,12,Dec,Q4,Ibadan,12219148.42,7025145.5,5194002.91,2343206.52,705498.01,1995557.47,4783,42.51
2021-01-01,2021,1,Jan,Q1,Lagos,21575320.82,12751840.78,8823480.05,3582344.76,1680313.6,3668794.7,7886,40.9
2021-01-01,2021,1,Jan,Q1,Abuja,13132242.74,7761658.32,5370584.42,2180464.49,766914.74,2233083.94,4438,40.9
2021-01-01,2021,1,Jan,Q1,Kano,12217679.44,7221116.39,4996563.05,2028611.32,729522.25,2077566.21,3751,40.9
2021-01-01,2021,1,Jan,Q1,Port Harcourt,9644091.39,5700027.31,3944064.09,1601295.32,552339.22,1639938.13,3295,40.9
2021-01-01,2021,1,Jan,Q1,Ibadan,7327225.91,4330671.09,2996554.82,1216605.29,429807.13,1245964.67,2679,40.9
2021-02-01,2021,2,Feb,Q1,Lagos,22712991.4,14208227.92,8504763.48,3618768.38,1463493.5,3420196.57,6961,37.44
2021-02-01,2021,2,Feb,Q1,Abuja,12879123.64,8056601.66,4822521.99,2051978.29,774011.23,1939380.58,3908,37.44
2021-02-01,2021,2,Feb,Q1,Kano,10856589.39,6791395.01,4065194.38,1729736.15,865257.22,1634820.76,3524,37.44
2021-02-01,2021,2,Feb,Q1,Port Harcourt,9336110.15,5840251.45,3495858.7,1487484.39,538126.1,1405862.02,3314,37.44
2021-02-01,2021,2,Feb,Q1,Ibadan,7910634.91,4948538.12,2962096.79,1260369.23,536888.16,1191209.29,2631,37.44
2021-03-01,2021,3,Mar,Q1,Lagos,24148083.28,13833949.52,10314133.76,3671444.57,1460139.16,4649882.43,8582,42.71
2021-03-01,2021,3,Mar,Q1,Abuja,14814603.81,8486987.51,6327616.3,2252393.95,1169624.93,2852655.64,5237,42.71
2021-03-01,2021,3,Mar,Q1,Kano,11725803.68,6717476.26,5008327.42,1782776.62,916374.06,2257885.56,4642,42.71
2021-03-01,2021,3,Mar,Q1,Port Harcourt,9866212.06,5652153.75,4214058.3,1500046.62,712672.21,1899808.18,3472,42.71
2021-03-01,2021,3,Mar,Q1,Ibadan,8416272.6,4821512.7,3594759.9,1279599.62,456104.5,1620612.19,3148,42.71
2021-04-01,2021,4,Apr,Q2,Lagos,28977997.17,16160970.81,12817026.37,5202844.28,1591172.5,5329927.46,8524,44.23
2021-04-01,2021,4,Apr,Q2,Abuja,14962486.36,8344548.59,6617937.78,2686434.33,1046714.45,2752052.41,5373,44.23
2021-04-01,2021,4,Apr,Q2,Kano,14283191.38,7965707.14,6317484.24,2564470.56,1090036.27,2627109.58,4500,44.23
2021-04-01,2021,4,Apr,Q2,Port Harcourt,11654817.47,6499868.29,5154949.18,2092560.09,736281.99,2143672.36,4031,44.23
2021-04-01,2021,4,Apr,Q2,Ibadan,9300324.9,5186772.51,4113552.39,1669823.55,549103.61,1710610.19,3051,44.23
2021-05-01,2021,5,May,Q2,Lagos,29625406.07,17152373.79,12473032.29,5447466.88,1687652.17,4917895.79,11265,42.1
2021-05-01,2021,5,May,Q2,Abuja,17324731.99,10030589.22,7294142.77,3185640.85,1148743.83,2875951.35,6315,42.1
2021-05-01,2021,5,May,Q2,Kano,15608432.49,9036894.47,6571538.02,2870050.75,835159.48,2591041.09,5906,42.1
2021-05-01,2021,5,May,Q2,Port Harcourt,13072213.95,7568486.97,5503726.98,2403695.41,784949.43,2170022.1,4924,42.1
2021-05-01,2021,5,May,Q2,Ibadan,9206308.69,5330223.91,3876084.78,1692839.64,631572.87,1528271.6,4042,42.1
2021-06-01,2021,6,Jun,Q2,Lagos,30877644.71,17480517.95,13397126.76,4657256.36,2274382.97,6117909.28,12867,43.39
2021-06-01,2021,6,Jun,Q2,Abuja,16572287.83,9381938.87,7190348.97,2499588.09,952155.4,3283532.61,6708,43.39
2021-06-01,2021,6,Jun,Q2,Kano,16411882.12,9291129.64,7120752.48,2475394.19,1101182.98,3251750.8,5760,43.39
2021-06-01,2021,6,Jun,Q2,Port Harcourt,13715556.43,7764680.01,5950876.43,2068709.03,826533.07,2717517.18,5500,43.39
2021-06-01,2021,6,Jun,Q2,Ibadan,11071511.36,6267827.58,4803683.78,1669909.32,834720.75,2193642.12,3891,43.39
2021-07-01,2021,7,Jul,Q3,Lagos,28986567.11,18637486.25,10349080.86,5090176.06,2142654.02,3681233.36,9124,35.7
2021-07-01,2021,7,Jul,Q3,Abuja,16626960.67,10690633.0,5936327.67,2919771.66,1191613.99,2111589.21,5071,35.7
2021-07-01,2021,7,Jul,Q3,Kano,16410287.08,10551318.43,5858968.65,2881722.77,1162151.15,2084072.12,4878,35.7
2021-07-01,2021,7,Jul,Q3,Port Harcourt,13300467.73,8551798.62,4748669.12,2335624.02,802960.94,1689131.57,3817,35.7
2021-07-01,2021,7,Jul,Q3,Ibadan,10029744.64,6448822.55,3580922.08,1761269.83,677025.35,1273756.58,3388,35.7
2021-08-01,2021,8,Aug,Q3,Lagos,31805091.62,20063034.66,11742056.96,5130949.69,2494107.58,4627775.09,11230,36.92
2021-08-01,2021,8,Aug,Q3,Abuja,17443032.98,11003275.18,6439757.8,2813993.61,1136878.64,2538034.93,6545,36.92
2021-08-01,2021,8,Aug,Q3,Kano,16916958.46,10671421.04,6245537.42,2729124.75,1288458.44,2461488.87,5362,36.92
2021-08-01,2021,8,Aug,Q3,Port Harcourt,14808081.24,9341115.91,5466965.34,2388910.58,1049885.92,2154638.33,4892,36.92
2021-08-01,2021,8,Aug,Q3,Ibadan,11829412.02,7462135.51,4367276.52,1908377.4,645604.02,1721229.38,4002,36.92
2021-09-01,2021,9,Sep,Q3,Lagos,32707791.73,20061009.27,12646782.46,5961277.62,2051560.92,4679853.39,12510,38.67
2021-09-01,2021,9,Sep,Q3,Abuja,19163325.66,11753641.36,7409684.3,3492681.66,1490275.41,2741901.85,7517,38.67
2021-09-01,2021,9,Sep,Q3,Kano,16487590.11,10112504.71,6375085.4,3005005.74,1311509.25,2359055.76,5934,38.67
2021-09-01,2021,9,Sep,Q3,Port Harcourt,14599508.82,8954468.23,5645040.6,2660886.62,1133290.62,2088907.79,4954,38.67
2021-09-01,2021,9,Sep,Q3,Ibadan,11734555.19,7197276.49,4537278.7,2138724.07,794878.39,1678988.25,4229,38.67
2021-10-01,2021,10,Oct,Q4,Lagos,32676422.49,20819653.81,11856768.68,5186346.93,1962412.52,4669295.22,10206,36.29
2021-10-01,2021,10,Oct,Q4,Abuja,19898586.4,12678305.91,7220280.5,3158270.23,1194014.18,2843407.18,5781,36.29
2021-10-01,2021,10,Oct,Q4,Kano,16802737.96,10705798.27,6096939.69,2666902.36,1303819.68,2401026.13,5685,36.29
2021-10-01,2021,10,Oct,Q4,Port Harcourt,13884256.89,8846299.56,5037957.33,2203685.95,1001402.55,1983989.97,4594,36.29
2021-10-01,2021,10,Oct,Q4,Ibadan,11300301.82,7199942.77,4100359.05,1793564.94,718396.18,1614755.88,3601,36.29
2021-11-01,2021,11,Nov,Q4,Lagos,36576138.06,23056398.01,13519740.04,6750012.41,2375657.96,4738809.34,11252,36.96
2021-11-01,2021,11,Nov,Q4,Abuja,21887231.89,13796993.25,8090238.64,4039220.51,1332315.57,2835712.69,7231,36.96
2021-11-01,2021,11,Nov,Q4,Kano,20214727.95,12742701.61,7472026.34,3730565.11,1018677.42,2619022.86,6232,36.96
2021-11-01,2021,11,Nov,Q4,Port Harcourt,17066332.81,10758056.56,6308276.25,3149538.59,1345375.02,2211116.36,4823,36.96
2021-11-01,2021,11,Nov,Q4,Ibadan,12557006.89,7915525.37,4641481.52,2317356.53,660002.44,1626887.49,4013,36.96
2021-12-01,2021,12,Dec,Q4,Lagos,43570970.6,24776937.68,18794032.91,7378167.31,2956793.62,7991105.92,14866,43.13
2021-12-01,2021,12,Dec,Q4,Abuja,21466505.08,12207078.5,9259426.57,3635068.58,1208503.44,3937050.6,8832,43.13
2021-12-01,2021,12,Dec,Q4,Kano,22079723.82,12555789.64,9523934.18,3738909.05,1230296.16,4049517.59,7282,43.13
2021-12-01,2021,12,Dec,Q4,Port Harcourt,16015389.99,9107263.72,6908126.27,2711994.37,1072154.03,2937292.33,6340,43.13
2021-12-01,2021,12,Dec,Q4,Ibadan,12876874.44,7322524.87,5554349.58,2180528.29,818952.02,2361674.9,5320,43.13
2022-01-01,2022,1,Jan,Q1,Lagos,27909578.59,17841362.78,10068215.82,5493623.75,1731032.77,3202214.44,8817,36.07
2022-01-01,2022,1,Jan,Q1,Abuja,16037929.71,10252341.19,5785588.52,3156849.94,889429.0,1840117.01,4806,36.07
2022-01-01,2022,1,Jan,Q1,Kano,15125334.05,9668959.03,5456375.02,2977217.81,925659.55,1735410.05,4905,36.07
2022-01-01,2022,1,Jan,Q1,Port Harcourt,11477708.1,7337192.62,4140515.48,2259231.88,714625.35,1316898.52,3903,36.07
2022-01-01,2022,1,Jan,Q1,Ibadan,8807973.41,5630548.97,3177424.44,1733730.65,629586.6,1010585.65,2884,36.07
2022-02-01,2022,2,Feb,Q1,Lagos,24850086.58,15007817.76,9842268.82,3898383.36,1407985.15,4160719.83,8664,39.61
2022-02-01,2022,2,Feb,Q1,Abuja,13252077.7,8003383.26,5248694.43,2078933.57,670440.05,2218832.61,5503,39.61
2022-02-01,2022,2,Feb,Q1,Kano,11673686.41,7050138.75,4623547.67,1831321.78,646212.55,1954558.12,5051,39.61
2022-02-01,2022,2,Feb,Q1,Port Harcourt,10639771.08,6425721.9,4214049.19,1669125.23,563729.56,1781446.77,3848,39.61
2022-02-01,2022,2,Feb,Q1,Ibadan,7967328.91,4811742.6,3155586.3,1249883.07,602894.9,1333992.27,3328,39.61
2022-03-01,2022,3,Mar,Q1,Lagos,30065919.01,18963898.49,11102020.52,5022611.52,2105893.76,4255586.31,11007,36.93
2022-03-01,2022,3,Mar,Q1,Abuja,15548075.83,9806855.78,5741220.05,2597357.65,1195492.71,2200703.68,6183,36.93
2022-03-01,2022,3,Mar,Q1,Kano,13542140.14,8541623.85,5000516.29,2262259.44,761563.75,1916779.8,5373,36.93
2022-03-01,2022,3,Mar,Q1,Port Harcourt,11311611.79,7134731.44,4176880.35,1889642.28,763434.78,1601066.65,4551,36.93
2022-03-01,2022,3,Mar,Q1,Ibadan,9667912.34,6097977.85,3569934.49,1615056.83,720484.8,1368414.36,4078,36.93
2022-04-01,2022,4,Apr,Q2,Lagos,31401489.72,20084679.52,11316810.2,4888385.34,1927761.7,4499897.4,10218,36.04
2022-04-01,2022,4,Apr,Q2,Abuja,18675609.78,11945090.52,6730519.26,2907300.83,1283471.33,2676252.9,5847,36.04
2022-04-01,2022,4,Apr,Q2,Kano,16328529.28,10443876.41,5884652.87,2541922.18,1030065.61,2339911.49,5511,36.04
2022-04-01,2022,4,Apr,Q2,Port Harcourt,13353174.21,8540812.14,4812362.07,2078737.72,973555.55,1913537.05,4881,36.04
2022-04-01,2022,4,Apr,Q2,Ibadan,10409748.08,6658169.92,3751578.17,1620523.75,672708.48,1491738.09,3858,36.04
2022-05-01,2022,5,May,Q2,Lagos,37087827.42,21577710.88,15510116.54,7277917.98,2327498.72,5762538.99,12023,41.82
2022-05-01,2022,5,May,Q2,Abuja,18411503.63,10711819.21,7699684.42,3612975.54,1219744.19,2860696.22,6313,41.82
2022-05-01,2022,5,May,Q2,Kano,18324305.17,10661087.11,7663218.05,3595864.18,992823.36,2847147.71,5671,41.82
2022-05-01,2022,5,May,Q2,Port Harcourt,15752158.28,9164611.16,6587547.12,3091119.75,1036030.56,2447499.16,5298,41.82
2022-05-01,2022,5,May,Q2,Ibadan,11332448.61,6593222.54,4739226.07,2223819.44,572874.77,1760784.64,3790,41.82
2022-06-01,2022,6,Jun,Q2,Lagos,38846604.65,21793146.92,17053457.73,7531073.45,2614201.46,6665669.0,10901,43.9
2022-06-01,2022,6,Jun,Q2,Abuja,20065477.54,11256837.09,8808640.45,3890033.29,1395405.71,3443025.02,6692,43.9
2022-06-01,2022,6,Jun,Q2,Kano,19724768.6,11065697.6,8659070.99,3823981.08,992745.14,3384562.94,5691,43.9
2022-06-01,2022,6,Jun,Q2,Port Harcourt,14706435.33,8250386.58,6456048.75,2851092.02,1120876.0,2523469.71,5294,43.9
2022-06-01,2022,6,Jun,Q2,Ibadan,12685528.64,7116647.44,5568881.2,2459304.97,887366.69,2176703.36,4045,43.9
2022-07-01,2022,7,Jul,Q3,Lagos,34667006.75,19857036.7,14809970.06,5647154.22,2168875.96,6413971.09,12085,42.72
2022-07-01,2022,7,Jul,Q3,Abuja,20504326.2,11744745.11,8759581.1,3340094.89,1054106.48,3793640.34,6496,42.72
2022-07-01,2022,7,Jul,Q3,Kano,17801401.88,10196527.57,7604874.3,2899796.41,934288.06,3293554.52,6051,42.72
2022-07-01,2022,7,Jul,Q3,Port Harcourt,15929907.18,9124547.55,6805359.63,2594935.39,982538.65,2947296.97,4659,42.72
2022-07-01,2022,7,Jul,Q3,Ibadan,12113146.87,6938331.99,5174814.88,1973196.27,866954.6,2241133.03,3796,42.72
2022-08-01,2022,8,Aug,Q3,Lagos,33902363.87,20094296.49,13808067.37,6204105.54,2179295.21,5322773.28,10187,40.73
2022-08-01,2022,8,Aug,Q3,Abuja,20547070.52,12178470.17,8368600.35,3760097.51,1478919.84,3225951.98,6163,40.73
2022-08-01,2022,8,Aug,Q3,Kano,17198550.21,10193766.09,7004784.12,3147320.97,995244.35,2700224.2,4795,40.73
2022-08-01,2022,8,Aug,Q3,Port Harcourt,15245492.05,9036167.47,6209324.58,2789912.88,989295.03,2393588.19,4010,40.73
2022-08-01,2022,8,Aug,Q3,Ibadan,12199786.13,7230944.74,4968841.39,2232551.13,892138.23,1915403.18,3364,40.73
2022-09-01,2022,9,Sep,Q3,Lagos,33740844.26,21317515.23,12423329.04,6439814.99,2424133.32,4188459.83,11125,36.82
2022-09-01,2022,9,Sep,Q3,Abuja,20560755.65,12990315.78,7570439.87,3924248.65,1296249.14,2552333.86,7027,36.82
2022-09-01,2022,9,Sep,Q3,Kano,17766656.88,11225000.05,6541656.83,3390963.85,1314421.27,2205485.08,6452,36.82
2022-09-01,2022,9,Sep,Q3,Port Harcourt,15912418.58,10053489.55,5858929.02,3037061.87,1077380.85,1975307.01,4929,36.82
2022-09-01,2022,9,Sep,Q3,Ibadan,12070746.85,7626315.69,4444431.17,2303836.14,935717.14,1498416.52,3825,36.82
2022-10-01,2022,10,Oct,Q4,Lagos,36780134.81,23394852.84,13385281.98,6538038.26,2331131.31,4793070.6,14829,36.39
2022-10-01,2022,10,Oct,Q4,Abuja,21189712.42,13478205.18,7711507.24,3766684.14,1614409.76,2761376.17,7957,36.39
2022-10-01,2022,10,Oct,Q4,Kano,20828654.48,13248545.96,7580108.52,3702502.47,1453079.86,2714324.24,7462,36.39
2022-10-01,2022,10,Oct,Q4,Port Harcourt,17250243.93,10972415.42,6277828.52,3066404.06,991717.22,2247997.12,6259,36.39
2022-10-01,2022,10,Oct,Q4,Ibadan,13365660.61,8501536.62,4864123.99,2375880.37,1064308.09,1741770.53,4531,36.39
2022-11-01,2022,11,Nov,Q4,Lagos,46524636.93,25620894.85,20903742.08,8210785.58,3311030.71,8885069.55,12210,44.93
2022-11-01,2022,11,Nov,Q4,Abuja,26510798.7,14599369.94,11911428.76,4678692.8,1777240.39,5062915.17,7147,44.93
2022-11-01,2022,11,Nov,Q4,Kano,23824833.04,13120221.51,10704611.53,4204666.79,1689719.29,4549961.32,6273,44.93
2022-11-01,2022,11,Nov,Q4,Port Harcourt,18012818.92,9919573.15,8093245.76,3178947.84,1425385.84,3440008.55,6033,44.93
2022-11-01,2022,11,Nov,Q4,Ibadan,15951797.71,8784578.64,7167219.07,2815213.6,1210123.78,3046403.83,4500,44.93
2022-12-01,2022,12,Dec,Q4,Lagos,51946069.87,31223469.93,20722599.93,8420074.28,3889070.53,8611767.96,17253,39.89
2022-12-01,2022,12,Dec,Q4,Abuja,26048551.38,15657125.99,10391425.38,4222277.8,1482169.48,4318403.31,10309,39.89
2022-12-01,2022,12,Dec,Q4,Kano,23782202.39,14294880.89,9487321.5,3854919.37,1685888.54,3942681.5,8519,39.89
2022-12-01,2022,12,Dec,Q4,Port Harcourt,20558866.2,12357414.95,8201451.24,3332440.37,1068252.88,3408307.61,7888,39.89
2022-12-01,2022,12,Dec,Q4,Ibadan,16380696.58,9846022.78,6534673.8,2655189.94,1207612.72,2715638.71,6130,39.89
2023-01-01,2023,1,Jan,Q1,Lagos,31245017.98,18488961.32,12756056.66,4832202.58,2392722.62,5546697.86,11169,40.83
2023-01-01,2023,1,Jan,Q1,Abuja,18728396.9,11082362.19,7646034.71,2896442.82,950129.47,3324714.33,5989,40.83
2023-01-01,2023,1,Jan,Q1,Kano,17528723.45,10372466.1,7156257.35,2710907.15,1336408.28,3111745.14,5199,40.83
2023-01-01,2023,1,Jan,Q1,Port Harcourt,13854495.06,8198274.15,5656220.91,2142668.85,1024726.9,2459486.44,5021,40.83
2023-01-01,2023,1,Jan,Q1,Ibadan,11911470.72,7048506.79,4862963.93,1842170.15,869723.76,2114555.64,3664,40.83
2023-02-01,2023,2,Feb,Q1,Lagos,27980727.9,16010874.17,11969853.73,5452346.68,1925778.18,4562254.93,10989,42.78
2023-02-01,2023,2,Feb,Q1,Abuja,17215064.87,9850645.71,7364419.15,3354541.1,1257529.54,2806914.63,6787,42.78
2023-02-01,2023,2,Feb,Q1,Kano,14427130.59,8255359.66,6171770.93,2811282.03,1040592.42,2352342.22,5598,42.78
2023-02-01,2023,2,Feb,Q1,Port Harcourt,11673710.68,6679823.11,4993887.57,2274748.46,707878.23,1903397.38,4430,42.78
2023-02-01,2023,2,Feb,Q1,Ibadan,9414540.51,5387101.58,4027438.93,1834524.78,536706.31,1535039.9,3656,42.78
2023-03-01,2023,3,Mar,Q1,Lagos,32228808.69,18112156.58,14116652.11,6285291.37,2566433.91,5481952.52,12708,43.8
2023-03-01,2023,3,Mar,Q1,Abuja,19642764.9,11038969.42,8603795.48,3830749.75,1382642.8,3341132.02,7723,43.8
2023-03-01,2023,3,Mar,Q1,Kano,17078922.28,9598124.38,7480797.9,3330746.84,1256843.88,2905035.74,7591,43.8
2023-03-01,2023,3,Mar,Q1,Port Harcourt,13925184.89,7825766.43,6099418.46,2715702.13,1063515.79,2368601.43,5823,43.8
2023-03-01,2023,3,Mar,Q1,Ibadan,12771888.29,7177629.27,5594259.02,2490785.18,873627.07,2172431.69,4696,43.8
2023-04-01,2023,4,Apr,Q2,Lagos,34403747.89,20083584.06,14320163.83,6249615.33,1959298.64,5649383.95,11319,41.62
2023-04-01,2023,4,Apr,Q2,Abuja,22236532.57,12980831.99,9255700.58,4039378.94,1517245.4,3651425.15,6140,41.62
2023-04-01,2023,4,Apr,Q2,Kano,18726946.42,10932070.66,7794875.77,3401844.82,1035522.25,3075121.67,5164,41.62
2023-04-01,2023,4,Apr,Q2,Port Harcourt,14877659.33,8685004.98,6192654.35,2702602.29,1091834.73,2443036.44,4272,41.62
2023-04-01,2023,4,Apr,Q2,Ibadan,12160562.11,7098868.19,5061693.92,2209027.8,961573.09,1996866.29,3343,41.62
2023-05-01,2023,5,May,Q2,Lagos,40739355.18,26247998.68,14491356.5,6801496.03,3252924.85,5382902.33,12292,35.57
2023-05-01,2023,5,May,Q2,Abuja,20788445.85,13393807.95,7394637.9,3470662.0,1512300.28,2746783.13,6465,35.57
2023-05-01,2023,5,May,Q2,Kano,20358644.17,13116890.61,7241753.56,3398905.97,1516209.9,2689993.32,5589,35.57
2023-05-01,2023,5,May,Q2,Port Harcourt,15724366.62,10131067.43,5593299.19,2625206.43,1039525.81,2077664.93,4713,35.57
2023-05-01,2023,5,May,Q2,Ibadan,13355387.75,8604755.73,4750632.01,2229701.88,704424.65,1764651.1,3995,35.57
2023-06-01,2023,6,Jun,Q2,Lagos,44670314.58,26012430.69,18657883.9,7480512.27,2407079.9,7824160.14,12686,41.77
2023-06-01,2023,6,Jun,Q2,Abuja,25569367.15,14889561.38,10679805.78,4281858.46,1939790.09,4478563.12,8081,41.77
2023-06-01,2023,6,Jun,Q2,Kano,22737782.12,13240671.95,9497110.17,3807679.88,1512647.35,3982601.2,6947,41.77
2023-06-01,2023,6,Jun,Q2,Port Harcourt,16861016.84,9818512.27,7042504.57,2823553.95,1031568.06,2953265.43,5566,41.77
2023-06-01,2023,6,Jun,Q2,Ibadan,13888064.36,8087301.71,5800762.65,2325701.91,901005.84,2432542.52,4680,41.77
2023-07-01,2023,7,Jul,Q3,Lagos,40119897.5,24147326.28,15972571.22,7474248.0,2828363.02,5948826.26,14120,39.81
2023-07-01,2023,7,Jul,Q3,Abuja,22906330.23,13786840.56,9119489.67,4267398.56,1485576.21,3396463.78,8921,39.81
2023-07-01,2023,7,Jul,Q3,Kano,22046859.13,13269542.9,8777316.23,4107281.0,1647791.71,3269024.66,7714,39.81
2023-07-01,2023,7,Jul,Q3,Port Harcourt,17980856.61,10822301.11,7158555.5,3349793.74,1204213.19,2666133.23,6515,39.81
2023-07-01,2023,7,Jul,Q3,Ibadan,14194123.67,8543145.84,5650977.83,2644333.79,1049269.09,2104650.83,5375,39.81
2023-08-01,2023,8,Aug,Q3,Lagos,42364303.51,26278657.78,16085645.72,8254918.09,3220484.62,5481509.34,16322,37.97
2023-08-01,2023,8,Aug,Q3,Abuja,24396714.69,15133328.38,9263386.32,4753834.36,1730316.1,3156686.37,9307,37.97
2023-08-01,2023,8,Aug,Q3,Kano,21861093.8,13560477.93,8300615.87,4259754.65,1586710.96,2828602.86,8099,37.97
2023-08-01,2023,8,Aug,Q3,Port Harcourt,16739987.38,10383845.91,6356141.47,3261878.83,1274838.86,2165983.85,7027,37.97
2023-08-01,2023,8,Aug,Q3,Ibadan,13098797.41,8125208.87,4973588.54,2552372.89,705581.08,1694850.96,5575,37.97
2023-09-01,2023,9,Sep,Q3,Lagos,40805123.41,23926612.96,16878510.45,7930652.06,2237050.99,6263500.87,16391,41.36
2023-09-01,2023,9,Sep,Q3,Abuja,25167411.22,14757237.75,10410173.48,4891395.13,1641520.04,3863144.85,9494,41.36
2023-09-01,2023,9,Sep,Q3,Kano,19851804.5,11640362.86,8211441.65,3858283.99,1360003.6,3047210.36,7837,41.36
2023-09-01,2023,9,Sep,Q3,Port Harcourt,19344630.91,11342975.05,8001655.87,3759712.61,1118005.68,2969360.28,6904,41.36
2023-09-01,2023,9,Sep,Q3,Ibadan,14677500.32,8606342.53,6071157.78,2852635.61,1077260.45,2252965.52,5443,41.36
2023-10-01,2023,10,Oct,Q4,Lagos,42134432.45,27268486.5,14865945.95,7963145.54,2790900.43,4831960.29,17030,35.28
2023-10-01,2023,10,Oct,Q4,Abuja,27595701.66,17859336.76,9736364.9,5215415.89,1903514.43,3164664.31,9105,35.28
2023-10-01,2023,10,Oct,Q4,Kano,24721574.02,15999263.98,8722310.04,4672223.65,1931171.6,2835060.47,7872,35.28
2023-10-01,2023,10,Oct,Q4,Port Harcourt,19848598.09,12845580.15,7003017.94,3751261.53,1171641.05,2276229.49,6521,35.28
2023-10-01,2023,10,Oct,Q4,Ibadan,15928914.27,10308846.2,5620068.07,3010465.68,1074646.01,1826721.68,5217,35.28
2023-11-01,2023,11,Nov,Q4,Lagos,49010433.09,31672734.08,17337699.02,8924877.42,2517776.76,5888975.12,16798,35.38
2023-11-01,2023,11,Nov,Q4,Abuja,30420942.28,19659373.62,10761568.67,5539701.73,2405272.43,3655306.86,10130,35.38
2023-11-01,2023,11,Nov,Q4,Kano,26874875.9,17367746.9,9507128.99,4893957.43,1955090.67,3229220.1,7973,35.38
2023-11-01,2023,11,Nov,Q4,Port Harcourt,19897387.17,12858581.59,7038805.58,3623345.69,1188039.29,2390821.92,6522,35.38
2023-11-01,2023,11,Nov,Q4,Ibadan,17197101.82,11113536.41,6083565.41,3131619.45,1212376.1,2066362.17,5894,35.38
2023-12-01,2023,12,Dec,Q4,Lagos,55142862.34,31716973.93,23425888.4,8503415.28,4406672.09,10445731.19,16676,42.48
2023-12-01,2023,12,Dec,Q4,Abuja,31409910.84,18066296.91,13343613.93,4843628.07,1724677.83,5949990.11,9810,42.48
2023-12-01,2023,12,Dec,Q4,Kano,29956163.35,17230133.0,12726030.35,4619450.03,1696210.49,5674606.22,9174,42.48
2023-12-01,2023,12,Dec,Q4,Port Harcourt,22246096.7,12795470.52,9450626.19,3430503.79,1549114.43,4214085.67,7630,42.48
2023-12-01,2023,12,Dec,Q4,Ibadan,18379322.32,10571386.07,7807936.25,2834220.12,1002256.37,3481601.28,6360,42.48
